"Tahun","Deskripsi"
"2025","Pelatih MTsN 3 Trenggalek"
"2024","Pelatih MAN IC Sambas dan SMAN 2 Blitar"
"2023","Pelatih Konsinyerasi Guru Sains MAN IC Se-Indonesia, Palembang"
"2022","Pelatih SMAN 1 Boyolangu Tulungagung"
"2021","Pelatih SMA Athirah Bone"
"2020","Pelatih SMAN Unggulan MH Thamrin Jakarta dan SMA Athirah Bone"
"2019","Pelatih Tim Indonesia untuk IMC for Undergraaduate, Bulgaria"
"2019","Pelatih di SMAN 39 Jakarta, SMAIT Al Kahfi, SMP Alfa Centauri, SMAN Lokon, SMAN 6 Cirebon, SMAIT Al Mutazam Kuningan, dan SMAN 1 Sumber Cirebon"
"2018","Pelatih di SMAN 1 Majenang, SD AMI Denpasar, dan MA Khusnul Khotimah Kuningan"
"2017","Pelatih Tim Provinsi Sumatera Utara, SMA Tunas Daud Denpasar, dan SMAN Titian Teras Jambi"
"2016","Pelatih Tim Provinsi Riau, SMAN Titian Teras Jambi, SD AMI Denpasar, dan SMAN Giri Banyuwangi"
